file,class,method_x_x,ATFD_x,ATLD_x,LAA_x,FDP_x,line_x,method_y,fanin_x,fanout_x,wmc_x,loc_x,returnsQty_x,variablesQty_x,parametersQty_x,loopQty_x,anonymousClassesQty_x,innerClassesQty_x,method_x_y,ATFD_y,ATLD_y,LAA_y,FDP_y,line_y,fanin_y,fanout_y,wmc_y,loc_y,returnsQty_y,variablesQty_y,parametersQty_y,loopQty_y,anonymousClassesQty_y,innerClassesQty_y
C:\Users\syuuj\gitProject\ysoserial\src\test\java\ysoserial\payloads\PayloadsTest.java,ysoserial.payloads.PayloadsTest,payloads/0,3.0,0.0,0.0,3.0,59,payloads/0,0,1,1,5,1,1,0,0,0,0,payloads/0,3.0,0.0,0.0,3.0,45,0,1,1,5,1,1,0,0,0,0
C:\Users\syuuj\gitProject\ysoserial\src\test\java\ysoserial\payloads\PayloadsTest.java,ysoserial.payloads.PayloadsTest,testPayload/0,0.0,1.0,1.0,0.0,74,testPayload/0,0,1,1,3,0,0,0,0,0,0,testPayload/0,0.0,1.0,1.0,0.0,58,0,1,1,3,0,0,0,0,0,0
C:\Users\syuuj\gitProject\ysoserial\src\test\java\ysoserial\payloads\PayloadsTest.java,ysoserial.payloads.PayloadsTest,"testPayload/2[java.lang.Class,java.lang.Class[]]",11.0,1.0,0.083333336,9.0,79,"testPayload/2[java.lang.Class>,java.lang.Class[]]",4,17,13,54,1,12,2,0,0,0,"testPayload/2[java.lang.Class,java.lang.Class[]]",7.0,1.0,0.125,6.0,62,4,8,2,28,0,6,2,0,2,0
C:\Users\syuuj\gitProject\ysoserial\src\test\java\ysoserial\payloads\PayloadsTest.java,ysoserial.payloads.PayloadsTest,PayloadsTest/1[java.lang.Class],0.0,1.0,1.0,0.0,68,PayloadsTest/1[java.lang.Class>],0,0,1,3,0,0,1,0,0,0,PayloadsTest/1[java.lang.Class],0.0,1.0,1.0,0.0,53,0,0,1,3,0,0,1,0,0,0
C:\Users\syuuj\gitProject\ysoserial\src\main\java\ysoserial\payloads\CommonsCollections3.java,ysoserial.payloads.CommonsCollections3,getObject/1[java.lang.String],4.0,0.0,0.0,4.0,35,getObject/1[java.lang.String],0,4,1,11,1,7,1,0,0,0,getObject/1[java.lang.String],4.0,0.0,0.0,4.0,31,0,4,1,11,1,7,1,0,0,0
C:\Users\syuuj\gitProject\ysoserial\src\main\java\ysoserial\payloads\CommonsCollections3.java,ysoserial.payloads.CommonsCollections3,main/1[java.lang.String[]],0.0,1.0,1.0,0.0,61,main/1[java.lang.String[]],0,1,1,3,0,0,1,0,0,0,main/1[java.lang.String[]],0.0,1.0,1.0,0.0,57,0,1,1,3,0,0,1,0,0,0
C:\Users\syuuj\gitProject\ysoserial\src\test\java\ysoserial\exploit\RMIRegistryExploitTest.java,ysoserial.exploit.RMIRegistryExploitTest,createRegistry/1[int],0.0,0.0,-1.0,0.0,8,createRegistry/1[int],1,0,1,3,0,1,1,0,0,0,createRegistry/1[int],0.0,0.0,-1.0,0.0,8,1,0,1,3,0,1,1,0,0,0
C:\Users\syuuj\gitProject\ysoserial\src\test\java\ysoserial\exploit\RMIRegistryExploitTest.java,ysoserial.exploit.RMIRegistryExploitTest,main/1[java.lang.String[]],1.0,0.0,0.0,1.0,12,main/1[java.lang.String[]],0,1,4,6,0,2,1,1,0,0,main/1[java.lang.String[]],1.0,0.0,0.0,1.0,12,0,1,4,6,0,2,1,1,0,0
C:\Users\syuuj\gitProject\ysoserial\src\main\java\ysoserial\payloads\util\Gadgets.java,ysoserial.payloads.util.Gadgets.StubTransletPayload,"transform/3[com.sun.org.apache.xalan.internal.xsltc.DOM,com.sun.org.apache.xml.internal.dtm.DTMAxisIterator,com.sun.org.apache.xml.internal.serializer.SerializationHandler]",0.0,0.0,-1.0,0.0,55,"transform/3[ysoserial.payloads.util.DOM,ysoserial.payloads.util.DTMAxisIterator,ysoserial.payloads.util.SerializationHandler]",0,0,1,2,0,0,3,0,0,0,"transform/3[com.sun.org.apache.xalan.internal.xsltc.DOM,com.sun.org.apache.xml.internal.dtm.DTMAxisIterator,com.sun.org.apache.xml.internal.serializer.SerializationHandler]",0.0,0.0,-1.0,0.0,43,0,0,1,2,0,0,3,0,0,0
C:\Users\syuuj\gitProject\ysoserial\src\main\java\ysoserial\payloads\util\Gadgets.java,ysoserial.payloads.util.Gadgets.StubTransletPayload,"transform/2[com.sun.org.apache.xalan.internal.xsltc.DOM,com.sun.org.apache.xml.internal.serializer.SerializationHandler[]]",0.0,0.0,-1.0,0.0,51,"transform/2[ysoserial.payloads.util.DOM,ysoserial.payloads.util.SerializationHandler[]]",0,0,1,2,0,0,2,0,0,0,"transform/2[com.sun.org.apache.xalan.internal.xsltc.DOM,com.sun.org.apache.xml.internal.serializer.SerializationHandler[]]",0.0,0.0,-1.0,0.0,40,0,0,1,2,0,0,2,0,0,0
C:\Users\syuuj\gitProject\ysoserial\src\test\java\ysoserial\payloads\TestHarnessTest.java,ysoserial.payloads.TestHarnessTest,testHarnessClassLoaderFail/0,2.0,0.0,0.0,2.0,26,testHarnessClassLoaderFail/0,0,1,2,9,0,0,0,0,0,0,testHarnessClassLoaderFail/0,2.0,0.0,0.0,2.0,26,0,1,2,9,0,0,0,0,0,0
C:\Users\syuuj\gitProject\ysoserial\src\test\java\ysoserial\payloads\TestHarnessTest.java,ysoserial.payloads.TestHarnessTest,testHarnessExecFail/0,2.0,0.0,0.0,2.0,14,testHarnessExecFail/0,0,1,2,9,0,0,0,0,0,0,testHarnessExecFail/0,2.0,0.0,0.0,2.0,14,0,1,2,9,0,0,0,0,0,0
C:\Users\syuuj\gitProject\ysoserial\src\test\java\ysoserial\payloads\TestHarnessTest.java,ysoserial.payloads.TestHarnessTest,testHarnessExecPass/0,2.0,0.0,0.0,2.0,37,testHarnessExecPass/0,0,1,1,3,0,0,0,0,0,0,testHarnessExecPass/0,2.0,0.0,0.0,2.0,37,0,1,1,3,0,0,0,0,0,0
C:\Users\syuuj\gitProject\ysoserial\src\main\java\ysoserial\payloads\util\Gadgets.java,ysoserial.payloads.util.Gadgets,"createMap/2[java.lang.String,java.lang.Object]",0.0,0.0,-1.0,0.0,85,"createMap/2[java.lang.String,java.lang.Object]",4,0,1,5,1,1,2,0,0,0,"createMap/2[java.lang.String,java.lang.Object]",0.0,0.0,-1.0,0.0,69,2,0,1,5,1,1,2,0,0,0
C:\Users\syuuj\gitProject\ysoserial\src\main\java\ysoserial\payloads\util\Gadgets.java,ysoserial.payloads.util.Gadgets,"createMemoitizedProxy/3[java.util.Map,java.lang.Class,java.lang.Class[]]",0.0,0.0,-1.0,0.0,65,"createMemoitizedProxy/3[java.util.Map,java.lang.Class,java.lang.Class[]]",0,2,1,3,1,0,3,0,0,0,"createMemoitizedProxy/3[java.util.Map,java.lang.Class,java.lang.Class[]]",0.0,0.0,-1.0,0.0,51,0,2,1,3,1,0,3,0,0,0
C:\Users\syuuj\gitProject\ysoserial\src\main\java\ysoserial\payloads\util\Gadgets.java,ysoserial.payloads.util.Gadgets,createMemoizedInvocationHandler/1[java.util.Map],2.0,1.0,0.33333334,2.0,70,createMemoizedInvocationHandler/1[java.util.Map],5,1,1,3,1,0,1,0,0,0,createMemoizedInvocationHandler/1[java.util.Map],2.0,1.0,0.33333334,2.0,56,4,1,1,3,1,0,1,0,0,0
C:\Users\syuuj\gitProject\ysoserial\src\main\java\ysoserial\payloads\util\Gadgets.java,ysoserial.payloads.util.Gadgets,"createProxy/3[java.lang.reflect.InvocationHandler,java.lang.Class,java.lang.Class[]]",5.0,0.0,0.0,2.0,75,"createProxy/3[java.lang.reflect.InvocationHandler,java.lang.Class,java.lang.Class[]]",1,0,2,8,1,1,3,0,0,0,"createProxy/3[java.lang.reflect.InvocationHandler,java.lang.Class,java.lang.Class[]]",5.0,0.0,0.0,2.0,60,1,0,2,8,1,1,3,0,0,0
C:\Users\syuuj\gitProject\ysoserial\src\main\java\ysoserial\payloads\util\Gadgets.java,ysoserial.payloads.util.Gadgets,createTemplatesImpl/1[java.lang.String],4.0,0.0,0.0,4.0,92,createTemplatesImpl/1[java.lang.String],13,2,2,6,2,0,1,0,0,0,createTemplatesImpl/1[java.lang.String],9.0,0.0,0.0,6.0,75,6,2,1,13,1,4,1,0,0,0
C:\Users\syuuj\gitProject\ysoserial\src\main\java\ysoserial\secmgr\ExecCheckingSecurityManager.java,ysoserial.secmgr.ExecCheckingSecurityManager,checkExec/1[java.lang.String],0.0,1.0,1.0,0.0,33,checkExec/1[java.lang.String],0,1,2,7,0,0,1,0,0,0,checkExec/1[java.lang.String],0.0,1.0,1.0,0.0,33,0,1,2,7,0,0,1,0,0,0
C:\Users\syuuj\gitProject\ysoserial\src\main\java\ysoserial\secmgr\ExecCheckingSecurityManager.java,ysoserial.secmgr.ExecCheckingSecurityManager,checkPermission/1[java.security.Permission],0.0,0.0,-1.0,0.0,27,checkPermission/1[java.security.Permission],0,0,1,2,0,0,1,0,0,0,checkPermission/1[java.security.Permission],0.0,0.0,-1.0,0.0,27,0,0,1,2,0,0,1,0,0,0
C:\Users\syuuj\gitProject\ysoserial\src\main\java\ysoserial\secmgr\ExecCheckingSecurityManager.java,ysoserial.secmgr.ExecCheckingSecurityManager,"checkPermission/2[java.security.Permission,java.lang.Object]",0.0,0.0,-1.0,0.0,30,"checkPermission/2[java.security.Permission,java.lang.Object]",0,0,1,2,0,0,2,0,0,0,"checkPermission/2[java.security.Permission,java.lang.Object]",0.0,0.0,-1.0,0.0,30,0,0,1,2,0,0,2,0,0,0
C:\Users\syuuj\gitProject\ysoserial\src\main\java\ysoserial\secmgr\ExecCheckingSecurityManager.java,ysoserial.secmgr.ExecCheckingSecurityManager,getCmds/0,0.0,1.0,1.0,0.0,22,getCmds/0,2,0,1,3,1,0,0,0,0,0,getCmds/0,0.0,1.0,1.0,0.0,22,2,0,1,3,1,0,0,0,0,0
C:\Users\syuuj\gitProject\ysoserial\src\main\java\ysoserial\secmgr\ExecCheckingSecurityManager.java,ysoserial.secmgr.ExecCheckingSecurityManager,wrap/1[java.lang.Runnable],0.0,0.0,-1.0,0.0,59,wrap/1[java.lang.Runnable],0,2,1,9,0,0,1,0,1,0,wrap/1[java.lang.Runnable],0.0,0.0,-1.0,0.0,59,0,2,1,9,0,0,1,0,1,0
C:\Users\syuuj\gitProject\ysoserial\src\main\java\ysoserial\secmgr\ExecCheckingSecurityManager.java,ysoserial.secmgr.ExecCheckingSecurityManager,wrap/1[java.util.concurrent.Callable],5.0,6.0,0.54545456,2.0,68,wrap/1[java.util.concurrent.Callable],0,2,7,22,1,2,1,0,0,0,wrap/1[java.util.concurrent.Callable],5.0,6.0,0.54545456,2.0,68,0,2,7,22,1,2,1,0,0,0
C:\Users\syuuj\gitProject\ysoserial\src\main\java\ysoserial\secmgr\ExecCheckingSecurityManager.java,ysoserial.secmgr.ExecCheckingSecurityManager,ExecCheckingSecurityManager/0,0.0,0.0,-1.0,0.0,10,ExecCheckingSecurityManager/0,3,0,1,3,0,0,0,0,0,0,ExecCheckingSecurityManager/0,0.0,0.0,-1.0,0.0,10,3,0,1,3,0,0,0,0,0,0
C:\Users\syuuj\gitProject\ysoserial\src\main\java\ysoserial\secmgr\ExecCheckingSecurityManager.java,ysoserial.secmgr.ExecCheckingSecurityManager,ExecCheckingSecurityManager/1[boolean],0.0,1.0,1.0,0.0,14,ExecCheckingSecurityManager/1[boolean],0,0,1,3,0,0,1,0,0,0,ExecCheckingSecurityManager/1[boolean],0.0,1.0,1.0,0.0,14,0,0,1,3,0,0,1,0,0,0
C:\Users\syuuj\gitProject\ysoserial\src\main\java\ysoserial\payloads\Groovy1.java,ysoserial.payloads.Groovy1,getObject/1[java.lang.String],1.0,0.0,0.0,1.0,34,getObject/1[java.lang.String],0,2,1,6,1,3,1,0,0,0,getObject/1[java.lang.String],1.0,0.0,0.0,1.0,32,0,2,1,6,1,3,1,0,0,0
C:\Users\syuuj\gitProject\ysoserial\src\main\java\ysoserial\payloads\Groovy1.java,ysoserial.payloads.Groovy1,main/1[java.lang.String[]],0.0,1.0,1.0,0.0,44,main/1[java.lang.String[]],0,1,1,3,0,0,1,0,0,0,main/1[java.lang.String[]],0.0,1.0,1.0,0.0,42,0,1,1,3,0,0,1,0,0,0
C:\Users\syuuj\gitProject\ysoserial\src\main\java\ysoserial\exploit\RMIRegistryExploit.java,ysoserial.exploit.RMIRegistryExploit,"exploit/3[java.rmi.registry.Registry,java.lang.Class,java.lang.String]",2.0,0.0,0.0,2.0,35,"exploit/3[java.rmi.registry.Registry,java.lang.Class,java.lang.String]",1,3,1,19,0,0,3,0,1,0,"exploit/3[java.rmi.registry.Registry,java.lang.Class,java.lang.String]",2.0,0.0,0.0,2.0,34,1,3,1,17,0,0,3,0,1,0
C:\Users\syuuj\gitProject\ysoserial\src\main\java\ysoserial\exploit\RMIRegistryExploit.java,ysoserial.exploit.RMIRegistryExploit,main/1[java.lang.String[]],3.0,0.0,0.0,3.0,23,main/1[java.lang.String[]],0,1,1,9,0,6,1,0,0,0,main/1[java.lang.String[]],3.0,0.0,0.0,3.0,22,0,1,1,9,0,6,1,0,0,0
C:\Users\syuuj\gitProject\ysoserial\src\main\java\ysoserial\secmgr\ExecCheckingSecurityManager.java,ysoserial.secmgr.ExecCheckingSecurityManager.ExecException,getCmd/0,0.0,1.0,1.0,0.0,50,getCmd/0,2,0,1,3,1,0,0,0,0,0,getCmd/0,0.0,1.0,1.0,0.0,50,2,0,1,3,1,0,0,0,0,0
C:\Users\syuuj\gitProject\ysoserial\src\main\java\ysoserial\secmgr\ExecCheckingSecurityManager.java,ysoserial.secmgr.ExecCheckingSecurityManager.ExecException,getMessage/0,0.0,2.0,1.0,0.0,54,getMessage/0,0,2,1,3,1,0,0,0,0,0,getMessage/0,0.0,2.0,1.0,0.0,54,0,2,1,3,1,0,0,0,0,0
C:\Users\syuuj\gitProject\ysoserial\src\main\java\ysoserial\secmgr\ExecCheckingSecurityManager.java,ysoserial.secmgr.ExecCheckingSecurityManager.ExecException,getThreadName/0,0.0,1.0,1.0,0.0,51,getThreadName/0,1,0,1,3,1,0,0,0,0,0,getThreadName/0,0.0,1.0,1.0,0.0,51,1,0,1,3,1,0,0,0,0,0
C:\Users\syuuj\gitProject\ysoserial\src\main\java\ysoserial\secmgr\ExecCheckingSecurityManager.java,ysoserial.secmgr.ExecCheckingSecurityManager.ExecException,ExecException/1[java.lang.String],0.0,1.0,1.0,0.0,49,ExecException/1[java.lang.String],2,0,1,3,0,0,1,0,0,0,ExecException/1[java.lang.String],0.0,1.0,1.0,0.0,49,2,0,1,3,0,0,1,0,0,0
C:\Users\syuuj\gitProject\ysoserial\src\main\java\ysoserial\Deserializer.java,ysoserial.Deserializer,call/0,0.0,1.0,1.0,0.0,16,call/0,0,1,1,3,1,0,0,0,0,0,call/0,0.0,1.0,1.0,0.0,16,0,1,1,3,1,0,0,0,0,0
C:\Users\syuuj\gitProject\ysoserial\src\main\java\ysoserial\Deserializer.java,ysoserial.Deserializer,deserialize/1[byte[]],0.0,0.0,-1.0,0.0,20,deserialize/1[byte[]],2,1,1,4,1,1,1,0,0,0,deserialize/1[byte[]],0.0,0.0,-1.0,0.0,20,2,1,1,4,1,1,1,0,0,0
C:\Users\syuuj\gitProject\ysoserial\src\main\java\ysoserial\Deserializer.java,ysoserial.Deserializer,deserialize/1[java.io.InputStream],0.0,0.0,-1.0,0.0,25,deserialize/1[java.io.InputStream],2,0,1,4,1,1,1,0,0,0,deserialize/1[java.io.InputStream],0.0,0.0,-1.0,0.0,25,2,0,1,4,1,1,1,0,0,0
C:\Users\syuuj\gitProject\ysoserial\src\main\java\ysoserial\Deserializer.java,ysoserial.Deserializer,main/1[java.lang.String[]],2.0,0.0,0.0,2.0,30,main/1[java.lang.String[]],0,1,2,4,0,2,1,0,0,0,main/1[java.lang.String[]],2.0,0.0,0.0,2.0,30,0,1,2,4,0,2,1,0,0,0
C:\Users\syuuj\gitProject\ysoserial\src\main\java\ysoserial\Deserializer.java,ysoserial.Deserializer,Deserializer/1[byte[]],0.0,1.0,1.0,0.0,14,Deserializer/1[byte[]],0,0,1,3,0,0,1,0,0,0,Deserializer/1[byte[]],0.0,1.0,1.0,0.0,14,0,0,1,3,0,0,1,0,0,0
C:\Users\syuuj\gitProject\ysoserial\src\main\java\ysoserial\payloads\ObjectPayload.java,ysoserial.payloads.ObjectPayload.Utils,getPayloadClass/1[java.lang.String],2.0,0.0,0.0,2.0,39,getPayloadClass/1[java.lang.String],4,0,6,19,2,1,1,0,0,0,getPayloadClass/1[java.lang.String],2.0,0.0,0.0,2.0,26,1,0,6,19,2,1,1,0,0,0
C:\Users\syuuj\gitProject\ysoserial\src\main\java\ysoserial\payloads\ObjectPayload.java,ysoserial.payloads.ObjectPayload.Utils,getPayloadClasses/0,5.0,0.0,0.0,4.0,25,getPayloadClasses/0,2,0,4,11,1,4,0,1,0,0,getPayloadClasses/0,4.0,0.0,0.0,4.0,18,2,0,1,5,1,2,0,0,0,0
C:\Users\syuuj\gitProject\ysoserial\src\main\java\ysoserial\GeneratePayload.java,ysoserial.GeneratePayload,main/1[java.lang.String[]],4.0,3.0,0.42857143,4.0,16,main/1[java.lang.String[]],0,5,4,28,1,6,1,0,0,0,main/1[java.lang.String[]],4.0,3.0,0.42857143,4.0,20,0,4,4,26,0,6,1,0,0,0
C:\Users\syuuj\gitProject\ysoserial\src\main\java\ysoserial\GeneratePayload.java,ysoserial.GeneratePayload,printUsage/0,4.0,0.0,0.0,4.0,46,printUsage/0,1,6,3,17,0,3,0,2,0,0,printUsage/0,3.0,0.0,0.0,3.0,48,1,3,2,10,0,1,0,1,0,0
C:\Users\syuuj\gitProject\ysoserial\src\main\java\ysoserial\payloads\CommonsCollections2.java,ysoserial.payloads.CommonsCollections2,getObject/1[java.lang.String],2.0,0.0,0.0,1.0,32,getObject/1[java.lang.String],0,3,1,12,1,4,1,0,0,0,getObject/1[java.lang.String],2.0,0.0,0.0,1.0,31,0,3,1,12,1,4,1,0,0,0
C:\Users\syuuj\gitProject\ysoserial\src\main\java\ysoserial\payloads\CommonsCollections2.java,ysoserial.payloads.CommonsCollections2,main/1[java.lang.String[]],0.0,1.0,1.0,0.0,54,main/1[java.lang.String[]],0,1,1,3,0,0,1,0,0,0,main/1[java.lang.String[]],0.0,1.0,1.0,0.0,53,0,1,1,3,0,0,1,0,0,0
C:\Users\syuuj\gitProject\ysoserial\src\test\java\ysoserial\Throwables.java,ysoserial.Throwables,getInnermostCause/1[java.lang.Throwable],1.0,1.0,0.5,1.0,4,getInnermostCause/1[java.lang.Throwable],2,1,3,4,1,1,1,0,0,0,getInnermostCause/1[java.lang.Throwable],1.0,1.0,0.5,1.0,4,2,1,3,4,1,1,1,0,0,0
C:\Users\syuuj\gitProject\ysoserial\src\main\java\ysoserial\payloads\Spring1.java,ysoserial.payloads.Spring1,getObject/1[java.lang.String],7.0,0.0,0.0,5.0,56,getObject/1[java.lang.String],0,7,1,10,1,6,1,0,0,0,getObject/1[java.lang.String],7.0,0.0,0.0,5.0,53,0,7,1,10,1,6,1,0,0,0
C:\Users\syuuj\gitProject\ysoserial\src\main\java\ysoserial\payloads\Spring1.java,ysoserial.payloads.Spring1,main/1[java.lang.String[]],0.0,1.0,1.0,0.0,77,main/1[java.lang.String[]],0,1,1,3,0,0,1,0,0,0,main/1[java.lang.String[]],0.0,1.0,1.0,0.0,74,0,1,1,3,0,0,1,0,0,0
C:\Users\syuuj\gitProject\ysoserial\src\main\java\ysoserial\payloads\ObjectPayload.java,ysoserial.payloads.ObjectPayload,getObject/1[java.lang.String],0.0,0.0,-1.0,0.0,20,getObject/1[java.lang.String],4,0,1,1,0,0,1,0,0,0,getObject/1[java.lang.String],0.0,0.0,-1.0,0.0,14,2,0,1,1,0,0,1,0,0,0
C:\Users\syuuj\gitProject\ysoserial\src\test\java\ysoserial\payloads\TestHarnessTest.java,ysoserial.payloads.TestHarnessTest.ExecMockPayload,getObject/1[java.lang.String],0.0,0.0,-1.0,0.0,42,getObject/1[java.lang.String],0,1,1,3,1,0,1,0,0,0,getObject/1[java.lang.String],0.0,0.0,-1.0,0.0,42,0,1,1,3,1,0,1,0,0,0
C:\Users\syuuj\gitProject\ysoserial\src\main\java\ysoserial\Serializer.java,ysoserial.Serializer,call/0,0.0,1.0,1.0,0.0,15,call/0,0,1,1,3,1,0,0,0,0,0,call/0,0.0,1.0,1.0,0.0,15,0,1,1,3,1,0,0,0,0,0
C:\Users\syuuj\gitProject\ysoserial\src\main\java\ysoserial\Serializer.java,ysoserial.Serializer,serialize/1[java.lang.Object],0.0,0.0,-1.0,0.0,19,serialize/1[java.lang.Object],2,1,1,5,1,1,1,0,0,0,serialize/1[java.lang.Object],0.0,0.0,-1.0,0.0,19,2,1,1,5,1,1,1,0,0,0
C:\Users\syuuj\gitProject\ysoserial\src\main\java\ysoserial\Serializer.java,ysoserial.Serializer,"serialize/2[java.lang.Object,java.io.OutputStream]",0.0,0.0,-1.0,0.0,25,"serialize/2[java.lang.Object,java.io.OutputStream]",2,0,1,4,0,1,2,0,0,0,"serialize/2[java.lang.Object,java.io.OutputStream]",0.0,0.0,-1.0,0.0,25,2,0,1,4,0,1,2,0,0,0
C:\Users\syuuj\gitProject\ysoserial\src\main\java\ysoserial\Serializer.java,ysoserial.Serializer,Serializer/1[java.lang.Object],0.0,1.0,1.0,0.0,11,Serializer/1[java.lang.Object],0,0,1,3,0,0,1,0,0,0,Serializer/1[java.lang.Object],0.0,1.0,1.0,0.0,11,0,0,1,3,0,0,1,0,0,0
C:\Users\syuuj\gitProject\ysoserial\src\main\java\ysoserial\payloads\Jdk7u21.java,ysoserial.payloads.Jdk7u21,getObject/1[java.lang.String],8.0,0.0,0.0,4.0,62,getObject/1[java.lang.String],0,4,1,16,1,6,1,0,0,0,getObject/1[java.lang.String],8.0,0.0,0.0,4.0,58,0,4,1,16,1,6,1,0,0,0
C:\Users\syuuj\gitProject\ysoserial\src\main\java\ysoserial\payloads\Jdk7u21.java,ysoserial.payloads.Jdk7u21,main/1[java.lang.String[]],0.0,1.0,1.0,0.0,91,main/1[java.lang.String[]],0,1,1,3,0,0,1,0,0,0,main/1[java.lang.String[]],0.0,1.0,1.0,0.0,82,0,1,1,3,0,0,1,0,0,0
C:\Users\syuuj\gitProject\ysoserial\src\main\java\ysoserial\payloads\util\PayloadRunner.java,ysoserial.payloads.util.PayloadRunner,"run/2[java.lang.Class,java.lang.String[]]",2.0,1.0,0.33333334,2.0,20,"run/2[java.lang.Class>,java.lang.String[]]",29,4,2,22,0,2,2,0,1,0,"run/2[java.lang.Class,java.lang.String[]]",2.0,0.0,0.0,2.0,17,8,4,2,19,0,2,2,0,1,0
C:\Users\syuuj\gitProject\ysoserial\src\main\java\ysoserial\payloads\CommonsCollections1.java,ysoserial.payloads.CommonsCollections1,getObject/1[java.lang.String],8.0,0.0,0.0,7.0,49,getObject/1[java.lang.String],0,3,1,11,1,7,1,0,0,0,getObject/1[java.lang.String],8.0,0.0,0.0,7.0,44,0,3,1,11,1,7,1,0,0,0
C:\Users\syuuj\gitProject\ysoserial\src\main\java\ysoserial\payloads\CommonsCollections1.java,ysoserial.payloads.CommonsCollections1,main/1[java.lang.String[]],0.0,1.0,1.0,0.0,80,main/1[java.lang.String[]],0,1,1,3,0,0,1,0,0,0,main/1[java.lang.String[]],0.0,1.0,1.0,0.0,75,0,1,1,3,0,0,1,0,0,0
C:\Users\syuuj\gitProject\ysoserial\src\main\java\ysoserial\payloads\util\Reflections.java,ysoserial.payloads.util.Reflections,"getField/2[java.lang.Class,java.lang.String]",4.0,1.0,0.2,2.0,12,"getField/2[java.lang.Class,java.lang.String]",11,1,3,6,1,1,2,0,0,0,"getField/2[java.lang.Class,java.lang.String]",4.0,1.0,0.2,2.0,8,3,1,3,8,1,1,2,0,0,0
C:\Users\syuuj\gitProject\ysoserial\src\main\java\ysoserial\payloads\util\Reflections.java,ysoserial.payloads.util.Reflections,"getFieldValue/2[java.lang.Object,java.lang.String]",2.0,1.0,0.33333334,2.0,26,"getFieldValue/2[java.lang.Object,java.lang.String]",5,1,1,4,1,1,2,0,0,0,"getFieldValue/2[java.lang.Object,java.lang.String]",2.0,1.0,0.33333334,2.0,22,3,1,1,4,1,1,2,0,0,0
C:\Users\syuuj\gitProject\ysoserial\src\main\java\ysoserial\payloads\util\Reflections.java,ysoserial.payloads.util.Reflections,getFirstCtor/1[java.lang.String],2.0,0.0,0.0,2.0,31,getFirstCtor/1[java.lang.String],5,0,1,5,1,1,1,0,0,0,getFirstCtor/1[java.lang.String],2.0,0.0,0.0,2.0,27,3,0,1,5,1,1,1,0,0,0
C:\Users\syuuj\gitProject\ysoserial\src\main\java\ysoserial\payloads\util\Reflections.java,ysoserial.payloads.util.Reflections,"setFieldValue/3[java.lang.Object,java.lang.String,java.lang.Object]",2.0,1.0,0.33333334,2.0,21,"setFieldValue/3[java.lang.Object,java.lang.String,java.lang.Object]",20,1,1,4,0,1,3,0,0,0,"setFieldValue/3[java.lang.Object,java.lang.String,java.lang.Object]",2.0,1.0,0.33333334,2.0,17,8,1,1,4,0,1,3,0,0,0
C:\Users\syuuj\gitProject\ysoserial\src\main\java\ysoserial\payloads\util\ClassFiles.java,ysoserial.payloads.util.ClassFiles,classAsBytes/1[java.lang.Class],2.0,0.0,0.0,2.0,25,classAsBytes/1[java.lang.Class],2,1,4,19,1,5,1,1,0,0,classAsBytes/1[java.lang.Class],2.0,0.0,0.0,2.0,25,2,1,4,19,1,5,1,1,0,0
C:\Users\syuuj\gitProject\ysoserial\src\main\java\ysoserial\payloads\util\ClassFiles.java,ysoserial.payloads.util.ClassFiles,classAsFile/1[java.lang.Class],0.0,0.0,-1.0,0.0,8,classAsFile/1[java.lang.Class],1,1,1,3,1,0,1,0,0,0,classAsFile/1[java.lang.Class],0.0,0.0,-1.0,0.0,8,1,1,1,3,1,0,1,0,0,0
C:\Users\syuuj\gitProject\ysoserial\src\main\java\ysoserial\payloads\util\ClassFiles.java,ysoserial.payloads.util.ClassFiles,"classAsFile/2[java.lang.Class,boolean]",4.0,0.0,0.0,1.0,12,"classAsFile/2[java.lang.Class,boolean]",2,1,3,13,1,1,2,0,0,0,"classAsFile/2[java.lang.Class,boolean]",4.0,0.0,0.0,1.0,12,2,1,3,13,1,1,2,0,0,0
C:\Users\syuuj\gitProject\ysoserial\src\main\java\ysoserial\payloads\CommonsCollections4.java,ysoserial.payloads.CommonsCollections4,getObject/1[java.lang.String],7.0,0.0,0.0,4.0,31,getObject/1[java.lang.String],0,3,1,17,1,7,1,0,0,0,getObject/1[java.lang.String],7.0,0.0,0.0,4.0,30,0,3,1,17,1,7,1,0,0,0
C:\Users\syuuj\gitProject\ysoserial\src\main\java\ysoserial\payloads\CommonsCollections4.java,ysoserial.payloads.CommonsCollections4,main/1[java.lang.String[]],0.0,1.0,1.0,0.0,61,main/1[java.lang.String[]],0,1,1,3,0,0,1,0,0,0,main/1[java.lang.String[]],0.0,1.0,1.0,0.0,60,0,1,1,3,0,0,1,0,0,0
C:\Users\syuuj\gitProject\ysoserial\src\test\java\ysoserial\payloads\TestHarnessTest.java,ysoserial.payloads.TestHarnessTest.NoopMockPayload,getObject/1[java.lang.String],0.0,0.0,-1.0,0.0,48,getObject/1[java.lang.String],0,0,1,3,1,0,1,0,0,0,getObject/1[java.lang.String],0.0,0.0,-1.0,0.0,48,0,0,1,3,1,0,1,0,0,0
C:\Users\syuuj\gitProject\ysoserial\src\main\java\ysoserial\payloads\annotation\Dependencies.java,ysoserial.payloads.annotation.Dependencies.Utils,getDependencies/1[java.lang.reflect.AnnotatedElement],2.0,0.0,0.0,2.0,15,getDependencies/1[java.lang.reflect.AnnotatedElement],2,1,3,9,2,1,1,0,0,0,getDependencies/1[java.lang.reflect.AnnotatedElement],2.0,0.0,0.0,2.0,15,2,1,3,9,2,1,1,0,0,0
C:\Users\syuuj\gitProject\ysoserial\src\main\java\ysoserial\secmgr\DelegateSecurityManager.java,ysoserial.secmgr.DelegateSecurityManager,"checkAccept/2[java.lang.String,int]",0.0,1.0,1.0,0.0,127,"checkAccept/2[java.lang.String,int]",0,1,1,3,0,0,2,0,0,0,"checkAccept/2[java.lang.String,int]",0.0,1.0,1.0,0.0,127,0,1,1,3,0,0,2,0,0,0
C:\Users\syuuj\gitProject\ysoserial\src\main\java\ysoserial\secmgr\DelegateSecurityManager.java,ysoserial.secmgr.DelegateSecurityManager,checkAccess/1[java.lang.Thread],0.0,1.0,1.0,0.0,44,checkAccess/1[java.lang.Thread],0,1,1,3,0,0,1,0,0,0,checkAccess/1[java.lang.Thread],0.0,1.0,1.0,0.0,44,0,1,1,3,0,0,1,0,0,0
C:\Users\syuuj\gitProject\ysoserial\src\main\java\ysoserial\secmgr\DelegateSecurityManager.java,ysoserial.secmgr.DelegateSecurityManager,checkAccess/1[java.lang.ThreadGroup],0.0,1.0,1.0,0.0,49,checkAccess/1[java.lang.ThreadGroup],0,1,1,3,0,0,1,0,0,0,checkAccess/1[java.lang.ThreadGroup],0.0,1.0,1.0,0.0,49,0,1,1,3,0,0,1,0,0,0
C:\Users\syuuj\gitProject\ysoserial\src\main\java\ysoserial\secmgr\DelegateSecurityManager.java,ysoserial.secmgr.DelegateSecurityManager,checkAwtEventQueueAccess/0,0.0,1.0,1.0,0.0,175,checkAwtEventQueueAccess/0,0,1,1,3,0,0,0,0,0,0,checkAwtEventQueueAccess/0,0.0,1.0,1.0,0.0,175,0,1,1,3,0,0,0,0,0,0
C:\Users\syuuj\gitProject\ysoserial\src\main\java\ysoserial\secmgr\DelegateSecurityManager.java,ysoserial.secmgr.DelegateSecurityManager,"checkConnect/2[java.lang.String,int]",0.0,1.0,1.0,0.0,109,"checkConnect/2[java.lang.String,int]",0,1,1,3,0,0,2,0,0,0,"checkConnect/2[java.lang.String,int]",0.0,1.0,1.0,0.0,109,0,1,1,3,0,0,2,0,0,0
C:\Users\syuuj\gitProject\ysoserial\src\main\java\ysoserial\secmgr\DelegateSecurityManager.java,ysoserial.secmgr.DelegateSecurityManager,"checkConnect/3[java.lang.String,int,java.lang.Object]",0.0,1.0,1.0,0.0,115,"checkConnect/3[java.lang.String,int,java.lang.Object]",0,1,1,3,0,0,3,0,0,0,"checkConnect/3[java.lang.String,int,java.lang.Object]",0.0,1.0,1.0,0.0,115,0,1,1,3,0,0,3,0,0,0
C:\Users\syuuj\gitProject\ysoserial\src\main\java\ysoserial\secmgr\DelegateSecurityManager.java,ysoserial.secmgr.DelegateSecurityManager,checkCreateClassLoader/0,0.0,1.0,1.0,0.0,39,checkCreateClassLoader/0,0,1,1,3,0,0,0,0,0,0,checkCreateClassLoader/0,0.0,1.0,1.0,0.0,39,0,1,1,3,0,0,0,0,0,0
C:\Users\syuuj\gitProject\ysoserial\src\main\java\ysoserial\secmgr\DelegateSecurityManager.java,ysoserial.secmgr.DelegateSecurityManager,checkDelete/1[java.lang.String],0.0,1.0,1.0,0.0,103,checkDelete/1[java.lang.String],0,1,1,3,0,0,1,0,0,0,checkDelete/1[java.lang.String],0.0,1.0,1.0,0.0,103,0,1,1,3,0,0,1,0,0,0
C:\Users\syuuj\gitProject\ysoserial\src\main\java\ysoserial\secmgr\DelegateSecurityManager.java,ysoserial.secmgr.DelegateSecurityManager,checkExec/1[java.lang.String],0.0,1.0,1.0,0.0,61,checkExec/1[java.lang.String],0,1,1,3,0,0,1,0,0,0,checkExec/1[java.lang.String],0.0,1.0,1.0,0.0,61,0,1,1,3,0,0,1,0,0,0
C:\Users\syuuj\gitProject\ysoserial\src\main\java\ysoserial\secmgr\DelegateSecurityManager.java,ysoserial.secmgr.DelegateSecurityManager,checkExit/1[int],0.0,1.0,1.0,0.0,55,checkExit/1[int],0,1,1,3,0,0,1,0,0,0,checkExit/1[int],0.0,1.0,1.0,0.0,55,0,1,1,3,0,0,1,0,0,0
C:\Users\syuuj\gitProject\ysoserial\src\main\java\ysoserial\secmgr\DelegateSecurityManager.java,ysoserial.secmgr.DelegateSecurityManager,checkLink/1[java.lang.String],0.0,1.0,1.0,0.0,67,checkLink/1[java.lang.String],0,1,1,3,0,0,1,0,0,0,checkLink/1[java.lang.String],0.0,1.0,1.0,0.0,67,0,1,1,3,0,0,1,0,0,0
C:\Users\syuuj\gitProject\ysoserial\src\main\java\ysoserial\secmgr\DelegateSecurityManager.java,ysoserial.secmgr.DelegateSecurityManager,checkListen/1[int],0.0,1.0,1.0,0.0,121,checkListen/1[int],0,1,1,3,0,0,1,0,0,0,checkListen/1[int],0.0,1.0,1.0,0.0,121,0,1,1,3,0,0,1,0,0,0
C:\Users\syuuj\gitProject\ysoserial\src\main\java\ysoserial\secmgr\DelegateSecurityManager.java,ysoserial.secmgr.DelegateSecurityManager,"checkMemberAccess/2[java.lang.Class,int]",0.0,1.0,1.0,0.0,199,"checkMemberAccess/2[java.lang.Class,int]",0,1,1,3,0,0,2,0,0,0,"checkMemberAccess/2[java.lang.Class,int]",0.0,1.0,1.0,0.0,199,0,1,1,3,0,0,2,0,0,0
C:\Users\syuuj\gitProject\ysoserial\src\main\java\ysoserial\secmgr\DelegateSecurityManager.java,ysoserial.secmgr.DelegateSecurityManager,checkMulticast/1[java.net.InetAddress],0.0,1.0,1.0,0.0,133,checkMulticast/1[java.net.InetAddress],0,1,1,3,0,0,1,0,0,0,checkMulticast/1[java.net.InetAddress],0.0,1.0,1.0,0.0,133,0,1,1,3,0,0,1,0,0,0
C:\Users\syuuj\gitProject\ysoserial\src\main\java\ysoserial\secmgr\DelegateSecurityManager.java,ysoserial.secmgr.DelegateSecurityManager,"checkMulticast/2[java.net.InetAddress,byte]",0.0,1.0,1.0,0.0,139,"checkMulticast/2[java.net.InetAddress,byte]",0,1,1,3,0,0,2,0,0,0,"checkMulticast/2[java.net.InetAddress,byte]",0.0,1.0,1.0,0.0,139,0,1,1,3,0,0,2,0,0,0
C:\Users\syuuj\gitProject\ysoserial\src\main\java\ysoserial\secmgr\DelegateSecurityManager.java,ysoserial.secmgr.DelegateSecurityManager,checkPackageAccess/1[java.lang.String],0.0,1.0,1.0,0.0,181,checkPackageAccess/1[java.lang.String],0,1,1,3,0,0,1,0,0,0,checkPackageAccess/1[java.lang.String],0.0,1.0,1.0,0.0,181,0,1,1,3,0,0,1,0,0,0
C:\Users\syuuj\gitProject\ysoserial\src\main\java\ysoserial\secmgr\DelegateSecurityManager.java,ysoserial.secmgr.DelegateSecurityManager,checkPackageDefinition/1[java.lang.String],0.0,1.0,1.0,0.0,187,checkPackageDefinition/1[java.lang.String],0,1,1,3,0,0,1,0,0,0,checkPackageDefinition/1[java.lang.String],0.0,1.0,1.0,0.0,187,0,1,1,3,0,0,1,0,0,0
C:\Users\syuuj\gitProject\ysoserial\src\main\java\ysoserial\secmgr\DelegateSecurityManager.java,ysoserial.secmgr.DelegateSecurityManager,checkPermission/1[java.security.Permission],0.0,1.0,1.0,0.0,29,checkPermission/1[java.security.Permission],0,1,1,3,0,0,1,0,0,0,checkPermission/1[java.security.Permission],0.0,1.0,1.0,0.0,29,0,1,1,3,0,0,1,0,0,0
C:\Users\syuuj\gitProject\ysoserial\src\main\java\ysoserial\secmgr\DelegateSecurityManager.java,ysoserial.secmgr.DelegateSecurityManager,"checkPermission/2[java.security.Permission,java.lang.Object]",0.0,1.0,1.0,0.0,34,"checkPermission/2[java.security.Permission,java.lang.Object]",0,1,1,3,0,0,2,0,0,0,"checkPermission/2[java.security.Permission,java.lang.Object]",0.0,1.0,1.0,0.0,34,0,1,1,3,0,0,2,0,0,0
C:\Users\syuuj\gitProject\ysoserial\src\main\java\ysoserial\secmgr\DelegateSecurityManager.java,ysoserial.secmgr.DelegateSecurityManager,checkPrintJobAccess/0,0.0,1.0,1.0,0.0,163,checkPrintJobAccess/0,0,1,1,3,0,0,0,0,0,0,checkPrintJobAccess/0,0.0,1.0,1.0,0.0,163,0,1,1,3,0,0,0,0,0,0
C:\Users\syuuj\gitProject\ysoserial\src\main\java\ysoserial\secmgr\DelegateSecurityManager.java,ysoserial.secmgr.DelegateSecurityManager,checkPropertiesAccess/0,0.0,1.0,1.0,0.0,145,checkPropertiesAccess/0,0,1,1,3,0,0,0,0,0,0,checkPropertiesAccess/0,0.0,1.0,1.0,0.0,145,0,1,1,3,0,0,0,0,0,0
C:\Users\syuuj\gitProject\ysoserial\src\main\java\ysoserial\secmgr\DelegateSecurityManager.java,ysoserial.secmgr.DelegateSecurityManager,checkPropertyAccess/1[java.lang.String],0.0,1.0,1.0,0.0,151,checkPropertyAccess/1[java.lang.String],0,1,1,3,0,0,1,0,0,0,checkPropertyAccess/1[java.lang.String],0.0,1.0,1.0,0.0,151,0,1,1,3,0,0,1,0,0,0
C:\Users\syuuj\gitProject\ysoserial\src\main\java\ysoserial\secmgr\DelegateSecurityManager.java,ysoserial.secmgr.DelegateSecurityManager,checkRead/1[java.io.FileDescriptor],0.0,1.0,1.0,0.0,73,checkRead/1[java.io.FileDescriptor],0,1,1,3,0,0,1,0,0,0,checkRead/1[java.io.FileDescriptor],0.0,1.0,1.0,0.0,73,0,1,1,3,0,0,1,0,0,0
C:\Users\syuuj\gitProject\ysoserial\src\main\java\ysoserial\secmgr\DelegateSecurityManager.java,ysoserial.secmgr.DelegateSecurityManager,checkRead/1[java.lang.String],0.0,1.0,1.0,0.0,79,checkRead/1[java.lang.String],0,1,1,3,0,0,1,0,0,0,checkRead/1[java.lang.String],0.0,1.0,1.0,0.0,79,0,1,1,3,0,0,1,0,0,0
C:\Users\syuuj\gitProject\ysoserial\src\main\java\ysoserial\secmgr\DelegateSecurityManager.java,ysoserial.secmgr.DelegateSecurityManager,"checkRead/2[java.lang.String,java.lang.Object]",0.0,1.0,1.0,0.0,85,"checkRead/2[java.lang.String,java.lang.Object]",0,1,1,3,0,0,2,0,0,0,"checkRead/2[java.lang.String,java.lang.Object]",0.0,1.0,1.0,0.0,85,0,1,1,3,0,0,2,0,0,0
C:\Users\syuuj\gitProject\ysoserial\src\main\java\ysoserial\secmgr\DelegateSecurityManager.java,ysoserial.secmgr.DelegateSecurityManager,checkSecurityAccess/1[java.lang.String],0.0,1.0,1.0,0.0,205,checkSecurityAccess/1[java.lang.String],0,1,1,3,0,0,1,0,0,0,checkSecurityAccess/1[java.lang.String],0.0,1.0,1.0,0.0,205,0,1,1,3,0,0,1,0,0,0
C:\Users\syuuj\gitProject\ysoserial\src\main\java\ysoserial\secmgr\DelegateSecurityManager.java,ysoserial.secmgr.DelegateSecurityManager,checkSetFactory/0,0.0,1.0,1.0,0.0,193,checkSetFactory/0,0,1,1,3,0,0,0,0,0,0,checkSetFactory/0,0.0,1.0,1.0,0.0,193,0,1,1,3,0,0,0,0,0,0
C:\Users\syuuj\gitProject\ysoserial\src\main\java\ysoserial\secmgr\DelegateSecurityManager.java,ysoserial.secmgr.DelegateSecurityManager,checkSystemClipboardAccess/0,0.0,1.0,1.0,0.0,169,checkSystemClipboardAccess/0,0,1,1,3,0,0,0,0,0,0,checkSystemClipboardAccess/0,0.0,1.0,1.0,0.0,169,0,1,1,3,0,0,0,0,0,0
C:\Users\syuuj\gitProject\ysoserial\src\main\java\ysoserial\secmgr\DelegateSecurityManager.java,ysoserial.secmgr.DelegateSecurityManager,checkTopLevelWindow/1[java.lang.Object],0.0,1.0,1.0,0.0,157,checkTopLevelWindow/1[java.lang.Object],0,1,1,3,1,0,1,0,0,0,checkTopLevelWindow/1[java.lang.Object],0.0,1.0,1.0,0.0,157,0,1,1,3,1,0,1,0,0,0
C:\Users\syuuj\gitProject\ysoserial\src\main\java\ysoserial\secmgr\DelegateSecurityManager.java,ysoserial.secmgr.DelegateSecurityManager,checkWrite/1[java.io.FileDescriptor],0.0,1.0,1.0,0.0,91,checkWrite/1[java.io.FileDescriptor],0,1,1,3,0,0,1,0,0,0,checkWrite/1[java.io.FileDescriptor],0.0,1.0,1.0,0.0,91,0,1,1,3,0,0,1,0,0,0
C:\Users\syuuj\gitProject\ysoserial\src\main\java\ysoserial\secmgr\DelegateSecurityManager.java,ysoserial.secmgr.DelegateSecurityManager,checkWrite/1[java.lang.String],0.0,1.0,1.0,0.0,97,checkWrite/1[java.lang.String],0,1,1,3,0,0,1,0,0,0,checkWrite/1[java.lang.String],0.0,1.0,1.0,0.0,97,0,1,1,3,0,0,1,0,0,0
C:\Users\syuuj\gitProject\ysoserial\src\main\java\ysoserial\secmgr\DelegateSecurityManager.java,ysoserial.secmgr.DelegateSecurityManager,getInCheck/0,2.0,1.0,0.5,1.0,19,getInCheck/0,0,1,1,3,1,0,0,0,0,0,getInCheck/0,2.0,1.0,0.5,1.0,19,0,1,1,3,1,0,0,0,0,0
C:\Users\syuuj\gitProject\ysoserial\src\main\java\ysoserial\secmgr\DelegateSecurityManager.java,ysoserial.secmgr.DelegateSecurityManager,getSecurityContext/0,1.0,1.0,0.5,1.0,24,getSecurityContext/0,0,1,1,3,1,0,0,0,0,0,getSecurityContext/0,1.0,1.0,0.5,1.0,24,0,1,1,3,1,0,0,0,0,0
C:\Users\syuuj\gitProject\ysoserial\src\main\java\ysoserial\secmgr\DelegateSecurityManager.java,ysoserial.secmgr.DelegateSecurityManager,getSecurityManager/0,0.0,1.0,1.0,0.0,10,getSecurityManager/0,34,0,1,3,1,0,0,0,0,0,getSecurityManager/0,0.0,1.0,1.0,0.0,10,34,0,1,3,1,0,0,0,0,0
C:\Users\syuuj\gitProject\ysoserial\src\main\java\ysoserial\secmgr\DelegateSecurityManager.java,ysoserial.secmgr.DelegateSecurityManager,getThreadGroup/0,1.0,1.0,0.5,1.0,211,getThreadGroup/0,0,1,1,3,1,0,0,0,0,0,getThreadGroup/0,1.0,1.0,0.5,1.0,211,0,1,1,3,1,0,0,0,0,0
C:\Users\syuuj\gitProject\ysoserial\src\main\java\ysoserial\secmgr\DelegateSecurityManager.java,ysoserial.secmgr.DelegateSecurityManager,setSecurityManager/1[java.lang.SecurityManager],0.0,1.0,1.0,0.0,14,setSecurityManager/1[java.lang.SecurityManager],0,0,1,3,0,0,1,0,0,0,setSecurityManager/1[java.lang.SecurityManager],0.0,1.0,1.0,0.0,14,0,0,1,3,0,0,1,0,0,0
C:\Users\syuuj\gitProject\ysoserial\src\main\java\ysoserial\secmgr\ExecCheckingSecurityManager.java,ysoserial.secmgr.ExecCheckingSecurityManager.60,call/0,0.0,0.0,-1.0,0.0,61,call/0,0,13,1,4,1,0,0,0,0,0,call/0,0.0,0.0,-1.0,0.0,61,0,6,1,4,1,0,0,0,0,0
C:\Users\syuuj\gitProject\ysoserial\src\test\java\ysoserial\payloads\TestHarnessTest.java,ysoserial.payloads.TestHarnessTest.ExecMockSerializable,readObject/1[java.io.ObjectInputStream],1.0,0.0,0.0,1.0,58,readObject/1[java.io.ObjectInputStream],0,0,2,8,0,0,1,0,0,0,readObject/1[java.io.ObjectInputStream],1.0,0.0,0.0,1.0,58,0,0,2,8,0,0,1,0,0,0
C:\Users\syuuj\gitProject\ysoserial\src\test\java\ysoserial\payloads\TestHarnessTest.java,ysoserial.payloads.TestHarnessTest.ExecMockSerializable,ExecMockSerializable/1[java.lang.String],0.0,1.0,1.0,0.0,56,ExecMockSerializable/1[java.lang.String],1,0,1,3,0,0,1,0,0,0,ExecMockSerializable/1[java.lang.String],0.0,1.0,1.0,0.0,56,1,0,1,3,0,0,1,0,0,0
C:\Users\syuuj\gitProject\ysoserial\src\main\java\ysoserial\secmgr\ThreadLocalSecurityManager.java,ysoserial.secmgr.ThreadLocalSecurityManager,getSecurityManager/0,1.0,0.0,0.0,1.0,20,getSecurityManager/0,1,0,1,3,1,0,0,0,0,0,getSecurityManager/0,1.0,0.0,0.0,1.0,22,1,0,1,3,1,0,0,0,0,0
C:\Users\syuuj\gitProject\ysoserial\src\main\java\ysoserial\secmgr\ThreadLocalSecurityManager.java,ysoserial.secmgr.ThreadLocalSecurityManager,install/0,1.0,0.0,0.0,1.0,10,install/0,0,0,1,3,0,0,0,0,0,0,install/0,1.0,0.0,0.0,1.0,12,0,0,1,3,0,0,0,0,0,0
C:\Users\syuuj\gitProject\ysoserial\src\main\java\ysoserial\secmgr\ThreadLocalSecurityManager.java,ysoserial.secmgr.ThreadLocalSecurityManager,setSecurityManager/1[java.lang.SecurityManager],1.0,0.0,0.0,1.0,15,setSecurityManager/1[java.lang.SecurityManager],1,0,1,3,0,0,1,0,0,0,setSecurityManager/1[java.lang.SecurityManager],1.0,0.0,0.0,1.0,17,1,0,1,3,0,0,1,0,0,0
C:\Users\syuuj\gitProject\ysoserial\src\main\java\ysoserial\secmgr\ThreadLocalSecurityManager.java,ysoserial.secmgr.ThreadLocalSecurityManager,"wrap/2[java.lang.SecurityManager,java.util.concurrent.Callable]",0.0,3.0,1.0,0.0,24,"wrap/2[java.lang.SecurityManager,java.util.concurrent.Callable]",0,2,1,10,1,1,2,0,0,0,"wrap/2[java.lang.SecurityManager,java.util.concurrent.Callable]",0.0,3.0,1.0,0.0,26,0,2,1,10,1,1,2,0,0,0
